Anzahl von Symbollname;Spaltenbeschriftungen;;;;;;;;;;;;;;;;;;;;;;;;;;;;;;;;;;;;;;;;;;;;;;;;;;;;;;;;;
Zeilenbeschriftungen;Anker;Apfel;Auge;Ausrufezeichen;Auto;Babyflasche;Baum;Blatt;Blitz;Blume;Bombe;Clown;Delfin ;Dino;Drache;Eiswürfel;Farbe;Feuer;Fragezeichen;Geist;Glühbirne;Hammer;Hand;Herz;Hund;Iglu;Käse;Kaktus;Karotte;Katze;Kerze;Kleeblatt;Lebkuchenmann;Marienkäfer;Mond;Mund;Musik;Schachfigur;Schere;Schildkröte;Schlüssel;Schloß;Schneeflocke;Schneemann;Sonne;Sonnenbrille;Spinne;Spinnennetz;Stift;Totenkopf;Tropfen;Uhr;Verkehrsschild;Vogel ;Ying und Yang;Zebra;Ziel;Gesamtergebnis
1;;;;;1;1;;;;;;;1;;;;1;1;;;;;;;;1;1;;;;;;;;;;;;;;;;;1;;;;;;;;;;;;;;8
2;1;1;;;;;;;;;;;1;1;;;;;;1;;;;;;;;;;;;;;1;;;;;;1;;;;;;;;;;;;;;1;;;;8
3;1;;;;;;;1;;;;;;;;;;;;;;1;;;;;1;;1;;;;;;;;;1;;;;;;;;;;1;;;;1;;;;;;8
4;;1;;;;;;;;;;1;;;;;;;;;1;;;;;;1;;;;;;1;;;;;;;;1;;;;;;;;;;1;;;;;1;;8
5;;;1;;;;;;1;1;1;;;;;;;;;;;;;;;;1;;;;1;;;;;;;;1;;;;;;;;;;;;;;;1;;;;8
6;;;;1;;1;;;1;;;;;1;;;;;;;;;1;;;;;;;;;;;;;;;;;;;;;;1;;;;;;1;1;;;;;;8
7;1;;;1;1;;;;;1;;;;;;;;;;;;;;;;;;;;;;;;;;1;1;;;;1;1;;;;;;;;;;;;;;;;8
8;;;;;;1;;;;;;;;;;;;;;;;;;;;;;;1;1;;;1;1;;1;;;1;;;;;;;;;;;;;;;;;;1;8
9;;;;1;;;;;;;1;1;;;1;;1;;1;1;;;;;;;;;1;;;;;;;;;;;;;;;;;;;;;;;;;;;;;8
10;;1;;;1;;;;1;;;;;;;;;;;;;;;1;;;;1;1;;;;;;;;;;;;;;;;;;;;1;1;;;;;;;;8
11;;;;;;;;;;;;;;1;;;1;;;;;;;;1;;;;;;;;;;;;;;1;;1;;;;;;;1;1;;;;1;;;;;8
12;;;;;;;;;;;;;;;1;;;;;;;;;;;;;;;;;;;;;1;;;;;;;1;1;;;;;1;;;1;;1;;1;;8
13;;;;;;;;;;1;;1;;;;;;1;;;;;1;;;;;;;;;;;1;1;;;1;;;;;;;;;;;1;;;;;;;;;8
14;;;;;1;;;;;;;;;;;;;;1;;;1;1;;;;;;;;;;;;;;;;1;1;;;;;;1;;;;;;;;;;1;;8
15;;1;1;;;;;;;;;;;;;1;1;;;;;;;;;;;;;;;;;;;1;;1;;;;;;;1;1;;;;;;;;;;;;8
16;;;;1;;;;;;;;;;;;;;1;;;;;;1;;;;;;;;;1;;;;;;;;;;;;;1;;1;;;;;;1;1;;;8
17;;;;;;;;;1;;;;;;;1;;1;;1;;1;;;;;;;;1;;;;;;;;;;;1;;1;;;;;;;;;;;;;;;8
18;;;;;;;;;;;;;;1;1;;;;;;;;;;;;1;;;1;;;;;1;;1;;;;;;;;;1;;;;1;;;;;;;;8
19;1;;1;;;;;;;;;;;;;;;;1;;;;;;;1;;;;1;;;;;;;;;;;;;;;;;;;1;;1;;;;1;;;8
20;;;;1;;;;;;;;;1;;;;;;;;;;;;;;;1;;1;1;;;;;;;1;;;;;;;;;;;;;;;1;;;1;;8
21;;;;;;;1;;;1;;;1;;;;;;;;;;;;1;;;;1;;;;;;;;;;;;;;1;;;1;;;;;1;;;;;;;8
22;;;;;;;1;;;;;1;;1;;;;;;;;1;;1;;1;;;;;1;;;;;1;;;;;;;;;;;;;;;;;;;;;;8
23;;;1;;;;;1;;;;;1;;1;;;;;;;;1;1;;;;;;;;;;;;;;;;;1;;;;;;;;;;;;;;;;1;8
24;;;;;;;;;;;;;;;;1;;;;;1;;1;;;1;;;1;;;;;;;;1;;;;;;;;;;;;;;;;1;1;;;;8
25;1;;;;;;;;;;;;;;;;1;;;;;;1;;;;;;;;1;1;1;;;;;;;;;;1;;;;;;;1;;;;;;;;8
26;;1;;;;1;;;;1;;;;;1;;;;;;;1;;;;;;;;;;1;;;;;;;;;;;;;;;;;;;;;1;;1;;;8
27;;;;;1;;;1;;;;1;;;;;;;;;;;;;1;;;;;1;;1;;;;;;;;;;;;;1;;;;;;;;;1;;;;8
28;;;;1;;;1;;;;;;;;;1;;;;;;;;;;;1;;;;;1;;;;;;;;1;;;;;;;;;1;;;;;;;;1;8
29;;;;;;1;1;;;;;;;;;;;;1;;;;;;;;;;;;;;;;;;;1;;;1;;;;;;1;;;1;;;;1;;;;8
30;1;;;;;;1;;;;;;;;1;;;1;;;1;;;;;;;1;;;;;;;;;;;1;;;;;;1;;;;;;;;;;;;;8
31;;;;;;;;;;;;;;;;;1;;;;;1;;;;;;1;;;;;;;1;;;;;;;1;;;;;;;;;1;;;1;;;1;8
32;;;;;;;;;;;;;;;;;;;;1;;;1;;1;;1;1;;;;;;;;1;;;;;;;;;;;1;;;;;;;;1;;;8
33;;;1;;;;;;;;;;;1;;;;1;;;;;;;;;;;1;;;1;;;;;;;;;;1;;;;;1;;;;;;;;;1;;8
34;;;;;1;;;;;;;;;;1;1;;;;;;;;;;;;;;;1;;;1;;;;;;;;;;;;;1;1;;;1;;;;;;;8
35;1;;;;;;;;1;;;1;;;;;;;;;;;;;;;;;;;;;;;;;;;;;;;;1;;1;1;;;;;;1;;;;1;8
36;;;;;;;;;1;;;;;;1;;;;;;;;;;1;1;;;;;;;1;;;;;1;;1;;1;;;;;;;;;;;;;;;;8
37;;;;;1;;;;;;1;;;1;;;;;;;1;;;;;;;;;;;;;;;;;1;;;;;1;;;;;;;;;;;;1;;1;8
38;1;;;;;1;;;;;1;;;;;1;;;;;;;;1;1;;;;;;;;;;1;;;;;;;;;;;;;;;;;;;;;1;;8
39;;;;;;;;;;;;;;;;;;;;1;;;;1;;;;;;;;1;;;;;1;1;1;;;;;1;;;;;;;1;;;;;;;8
40;;;;;;;;;;1;;;;;;;1;;;;1;;;1;;;;;;1;;;;;;;;;;1;;;;;;;1;;;;;1;;;;;;8
41;;;;;;;;;1;;;;1;;;;;;1;;1;;;;;;;;;;;1;;;1;1;;;;;;;;;;;;1;;;;;;;;;;8
42;;;;;;;;;;;;;;;;;;;;;;;;;;;;;1;;1;;;;1;;;;;1;1;;;1;1;;;;;;;;;;1;;;8
43;;;;;;;;;;;;1;1;;;1;;;;;;;;;;;;;;;;;;;;;;;1;;;1;;;;;;;;1;;1;;;1;;;8
44;;1;;1;;;;1;;;;;;;;;;;;;;;;;;1;;;;;;;;;1;;;;1;;;;1;;;;1;;;;;;;;;;;8
45;;;1;;;1;;;;;;1;;;;;;;;;;;;;;;;1;;;;;;;;;1;;;1;;;1;;;;;1;;;;;;;;;;8
46;;;;;;;;;;1;;;;;;;;;;1;;;;;;1;;;;;;;;;;;;;;;;;;;1;;;1;;1;;;;;;1;1;8
47;;;;;;;;;;;1;;1;;;;;;;;;1;;;;;;;;;;;1;;;;1;;;;;;;;1;;1;;1;;;;;;;;;8
48;;;;;;;;1;;;1;;;;;;;1;;;;;;;;;;;;;;;;;;1;;;;1;;;;;;;;;;1;1;;1;;;;;8
49;;;1;;1;;1;;;;;;;;;;;;;1;;;;;;;;;;;;;1;;1;;;;;;;;;;;;;;;;;1;1;;;;;8
50;;1;;;;;1;;;;1;;;;;;;;;;;;1;;;;;;;1;;;;;;;;;;;;1;;1;;;;1;;;;;;;;;;8
51;;;;;;;;;;;1;;;;;;;;;;;;;;;1;;1;;;;1;;1;;;;;;;1;;;;;1;;;;;;1;;;;;;8
52;;;;;;;;;;;;;;;;;;;1;;;;;1;;;1;;;;;;;1;;;;;;;;1;1;;1;;;;;;;;1;;;;;8
53;;;;;;;1;1;1;;;;;;;;1;;;;;;;;;;;;;;;;;1;;;1;;;;;;;;;;;;;;;;;;1;1;;8
54;;1;;;;;;;;;;;;;;;;1;1;;;;;;1;;;;;;1;;;;;;1;;;;;;;;;;;;;;;1;;;;;1;8
55;;;;;;1;;1;;;;;;;;;;;;1;1;;;;;;;;;;1;;;;;;;;;;;1;;;;1;;;1;;;;;;;;;8
56;;;;;;;;1;;1;;;;1;;1;;;1;;;;;;;;;1;;;;;1;;;;;;;;;;;1;;;;;;;;;;;;;;8
57;;;1;1;;;;;;;;;;;;;;;;;1;1;;;1;;;;;;;;;1;;;;;;;;;;1;;;;;;1;;;;;;;;8
Gesamtergebnis;8;8;8;8;8;8;8;8;8;8;8;8;8;8;8;8;8;8;8;8;8;8;8;8;8;8;8;8;8;8;8;8;8;8;8;8;8;8;8;8;8;8;8;8;8;8;8;8;8;8;8;8;8;8;8;8;8;456
